Group,UniProt,Organism,Pfam ID,Pfam name,Domain position,Domain sequence
1,P26010,Homo sapiens (Human),PF00362,"Integrin beta subunit, VWA domain",147-393,AEGYPVDLYYLMDLSYSMKDDLERVRQLGHALLVRLQEVTHSVRIGFGSFVDKTVLPFVSTVPSKLRHPCPTRLERCQSPFSFHHVLSLTGDAQAFEREVGRQSVSGNLDSPEGGFDAILQAALCQEQIGWRNVSRLLVFTSDDTFHTAGDGKLGGIFMPSDGHCHLDSNGLYSRSTEFDYPSVGQVAQALSAANIQPIFAVTSAALPVYQELSKLIPKSAVGELSEDSSNVVQLIMDAYNSLSSTV
2,P07897,Rattus norvegicus (Rat),PF00193,Link domain,254-349,EVFYATSPEKFTFQEAANECRTVGARLATTGQLYLAWQGGMDMCSAGWLADRSVRYPISKARPNCGGNLLGVRTVYLHANQTGYPDPSSRYDAICY
3,P54315,Homo sapiens (Human),PF00151,Lipase/vitellogenin,18-353,KEVCYEDLGCFSDTEPWGGTAIRPLKILPWSPEKIGTRFLLYTNENPNNFQILLLSDPSTIEASNFQMDRKTRFIIHGFIDKGDESWVTDMCKKLFEVEEVNCICVDWKKGSQATYTQAANNVRVVGAQVAQMLDILLTEYSYPPSKVHLIGHSLGAHVAGEAGSKTPGLSRITGLDPVEASFESTPEEVRLDPSDADFVDVIHTDAAPLIPFLGFGTNQQMGHLDFFPNGGESMPGCKKNALSQIVDLDGIWAGTRDFVACNHLRSYKYYLESILNPDGFAAYPCTSYKSFESDKCFPCPDQGCPQMGHYADKFAGRTSEEQQKFFLNTGEASNF
4,P14174,Homo sapiens (Human),PF01187,Macrophage migration inhibitory factor,2-115,PMFIVNTNVPRASVPDGFLSELTQQLAQATGKPPQYIAVHVVPDQLMAFGGSSEPCALCSLHSIGKIGGAQNRSYSKLLCGLLAERLRISPDRVYINYYDMNAANVGWNNSTFA
5,Q12723,Cyberlindnera mrakii (Yeast) (Williopsis mrakii),PF03060,Nitronate monooxygenase,10-372,KTFEVRYPIIQAPMAGASTLELAATVTRLGGIGSIPMGSLSEKCDAIETQLENFDELVGDSGRIVNLNFFAHKEPRSGRADVNEEWLKKYDKIYGKAGIEFDKKELKLLYPSFRSIVDPQHPTVRLLKNLKPKIVSFHFGLPHEAVIESLQASDIKIFVTVTNLQEFQQAYESKLDGVVLQGWEAGGHRGNFKANDVEDGQLKTLDLVSTIVDYIDSASISNPPFIIAAGGIHDDESIKELLQFNIAAVQLGTVWLPSSQATISPEHLKMFQSPKSDTMMTAAISGRNLRTISTPFLRDLHQSSPLASIPDYPLPYDSFKSLANDAKQSGKGPQYSAFLAGSNYHKSWKDTRSTEEIFSILVQ
6,Q81LL4,Bacillus anthracis,PF01048,Nucleoside phosphorylase domain,2-227,RIAVIGAMEEEVRILRDKLEQAETETVAGCEFTKGQLAGHEVILLKSGIGKVNAAMSTTILLERYKPEKVINTGSAGGFHHSLNVGDVVISTEVRHHDVDVTAFNYEYGQVPGMPPGFKADEALVALAEKCMQAEENIQVVKGMIATGDSFMSDPNRVAAIRDKFENLYAVEMEAAAVAQVCHQYEVPFVIIRALSDIAGKESNVSFDQFLDQAALHSTNFIVKVL
7,Q8GJ90,Yersinia pseudotuberculosis,PF00483,Nucleotidyl transferase domain,5-223,VILAGGLGTRLKSVSGDIPKPMVDISGKPFLYRLMEYLEDQGVQRIILSLSYKADYIIDSLIKDNPVNSKVDFIIENEPLGTGGAIKNACKYIEASKFIVINGDTYCELDYKKFIESSLDSDLQISGVEVDDVCRYGSLDIDHDFHVNSIVEKGHQGTGIINSGTYILSKKIIEDYPHDKFSFELDFLPKFTGVFKAFVTKAYFIDIGIPEDYYKACEK
8,A0A0J9X285,Acinetobacter baumannii IS-123,PF08543,Pyridoxamine kinase/Phosphomethylpyrimidine kinase,1-163,MLGTTDNIAALAEFLRAHPDYQYVLDPVLVANSGGSLGDQATLVKAFVELIPLATLITPNTVELRALTGVTDLDQATQKLFEMGAKAVLVKGGHEDTPDFIKNSLYIDGELAASSTCPRLEGEYHGSGCSLASFIAGRLALGDSLKIAVQHAETWLFGVLKNA
9,P21599,Escherichia coli (strain K12),PF00224,"Pyruvate kinase, barrel",6-344,RRTKIVTTLGPATDRDNNLEKVIAAGANVVRMNFSHGSPEDHKMRADKVREIAAKLGRHVAILGDLQGPKIRVSTFKEGKVFLNIGDKFLLDANLGKGEGDKEKVGIDYKGLPADVVPGDILLLDDGRVQLKVLEVQGMKVFTEVTVGGPLSNNKGINKLGGGLSAEALTEKDKADIKTAALIGVDYLAVSFPRCGEDLNYARRLARDAGCDAKIVAKVERAEAVCSQDAMDDIILASDVVMVARGDLGVEIGDPELVGIQKALIRRARQLNRAVITATQMMESMITNPMPTRAEVMDVANAVLDGTDAVMLSAETAAGQYPSETVAAMARVCLGAEKI
10,O43099,Neosartorya fumigata (strain ATCC MYA-4609 / Af293 / CBS 101355 / FGSA1100) (Aspergillus fumigatus),PF08534,Redoxin,5-165,KAGDSFPSDVVFSYIPWSEDKGEITACGIPINYNASKEWADKKVILFALPGAFTPVCSARHVPEYIEKLPEIRAKGVDVVAVLAYNDAYVMSAWGKANQVTGDDILFLSDPDARFSKSIGWADEEGRTKRYALVIDHGKITYAALEPAKNHLEFSSAETVL
11,P23074,Simian foamy virus type 1 (SFVmac) (SFV-1),PF00075,Ribonuclease H domain,593-747,AMVFYTDGSAIKHPDVNKSHSAGMGIAQVQFIPEYKIVHQWSIPLGDHTAQLAEIAAVEFACKKALKISGPVLIVTDSFYVAESANKELPYWKSNGFLNNKKKPLRHVSKWKSIAECLQLKPDIIIMHEKGHQQPMTTLHTEGNNLADKLATQGS
12,Q9Y3V2,Homo sapiens (Human),PF05773,RWD domain,4-111,PVQEELSVLAAIFCRPHEWEVLSRSETDGTVFRIHTKAEGFMDVDIPLELVFHLPVNYPSCLPGISINSEQLTRAQCVTVKENLLEQAESLLSEPMVHELVLWIQQNL
13,P07237,Homo sapiens (Human),PF00085,Thioredoxin domain,26-131,VLVLRKSNFAEALAAHKYLLVEFYAPWCGHCKALAPEYAKAAGKLKAEGSEIRLAKVDATEESDLAQQYGVRGYPTIKFFRNGDTASPKEYTAGREADDIVNWLKK
14,Q01638,Homo sapiens (Human),PF01582,Toll/interleukin-1 receptor homology (TIR) domain,379-541,AYVVYPRNYKSSTDGASRVEHFVHQILPDVLENKCGYTLCIYGRDMLPGEDVVTAVETNIRKSRRHIFILTPQITHNKEFAYEQEVALHCALIQNDAKVILIEMEALSELDMLQAEALQDSLQHLMKVQGTIKWREDHIANKRSLNSKFWKHVRYQMPVPSKI
15,Q71Y35,Listeria monocytogenes serotype 4b (strain F2365),PF00682,Pyruvate carboxyltransferase,3-271,KIQFFDTTLRDGEQTPGVNFDVKEKIQIALQLEKLGIDVIEAGFPISSPGDFECVKAIAKAIKHCSVTGLARCVEGDIDRAEEALKDAVSPQIHIFLATSDVHMEYKLKMSRAEVLASIKHHISYARQKFDVVQFSPEDATRSDRAFLIEAVQTAIDAGATVINIPDTVGYTNPTEFGQLFQDLRREIKQFDDIIFASHCHDDLGMATANALAAIENGARRVEGTINGIGERAGNTALEEVAVALHIRKDFYQAETNIVLNQFKNSSDL